Rank,TeamId,TeamName,LastSubmissionDate,PrivateScore
1,16677199,Marco,2026-09-20 23:13:37.606000,0.12340
2,16668232,Team - SPARO,2026-09-20 16:16:06.956000,0.14733
3,16771257,MobilityAI,2026-09-20 22:45:49.626000,0.15088
4,16898529,Haozhe Zhou,2026-09-20 20:11:50.700000,0.15694
5,16633725,AxisTilted2,2026-09-16 21:29:54.616000,0.15720
6,16778845,thisray,2026-09-20 01:22:15.076000,0.15769
7,16907103,Hack2Publish,2026-09-20 17:34:03.266000,0.16141
8,16895527,Bharath Shankar,2026-09-19 03:36:39.863000,0.16906
9,16668346,NavTide,2026-09-20 11:27:44.683000,0.17033
10,16681673,ByeByeHelloHaHaHa,2026-08-23 02:02:33.220000,0.17099
11,16706502,CoCEL @POSTECH,2026-09-20 04:48:37.596000,0.17271
12,16918659,V Sai Subba Rao,2026-09-20 20:41:45.710000,0.17930
13,16740952,Thien,2026-09-20 23:40:57.980000,0.18035
14,16674789,CloseAI,2026-09-01 11:35:03.443000,0.18256
15,16921339,Tom&Jerry,2026-09-20 11:35:18.006000,0.18906
16,16782309,Xunden,2026-09-20 15:41:31.916000,0.18942
17,16775680,ENIO,2026-09-20 16:22:02.256000,0.19015
18,16857536,Shake,2026-09-20 02:04:07.463000,0.19633
19,16891842,seewherewego,2026-09-18 05:40:34.733000,0.19677
20,16853301,Lexxxxx,2026-09-20 17:39:22.046000,0.19912
21,16886154,Dehan Shen,2026-09-17 13:13:14.526000,0.20181
22,16876401,Chengwen Zhang,2026-09-15 15:05:51.470000,0.20220
23,16925333,URAD,2026-09-20 20:20:17.393000,0.20726
24,16867558,luyinn,2026-09-14 09:25:20.900000,0.21006
25,16708038,JX0005,2026-09-17 03:15:33.123000,0.21020
26,16718271,Kripesh12,2026-08-25 06:47:44.683000,0.21201
27,16780181,Rongyu12098,2026-09-05 05:16:33.660000,0.21557
28,16734865,NVL_ktw,2026-09-01 00:43:48.196000,0.21579
29,16743073,kamikaze-san,2026-09-10 15:34:39.276000,0.22014
30,16719369,HL Robotics,2026-08-26 23:53:55.226000,0.22392
31,16706186,ilytix,2026-09-20 20:05:19.523000,0.22676
32,16692826,udit7395,2026-09-13 23:22:37.090000,0.22951
33,16731005,qiaomu wei,2026-09-06 04:07:24.830000,0.23128
34,16920136,toddler123,2026-09-20 18:41:19.986000,0.23309
35,16754451,Jakubach,2026-09-04 08:25:06.003000,0.23398
36,16715392,vanchele,2026-08-23 08:17:04.396000,0.23509
37,16699739,Astrorix,2026-09-01 15:58:25.770000,0.23605
38,16802238,minghao mei,2026-09-20 10:21:00.846000,0.23972
39,16811908,Oeacn Yulan,2026-09-19 10:09:05.503000,0.24142
40,16848087,Ahmed Hussein2000,2026-09-20 12:26:45.540000,0.24375
41,16881845,Abdelrahman Bakr,2026-09-20 20:58:13.856000,0.24431
42,16906925,Kasım Can Ulus,2026-09-18 21:47:00.066000,0.24490
43,16669553,Micropilot,2026-09-03 01:51:41.113000,0.24895
44,16913443,prison,2026-09-20 18:25:33.780000,0.25016
45,16723204,wangzihanggg,2026-08-21 15:41:01.580000,0.25151
46,16848278,Mehmet Özer,2026-09-07 21:36:40.443000,0.25380
47,16892059,xhsmsuper,2026-09-18 11:50:23.993000,0.25425
48,16799919,Feng XuanQi,2026-09-03 03:29:20.416000,0.25457
49,16752203,DBX,2026-09-15 04:36:48.883000,0.25698
50,16752581,Lucian2026,2026-08-21 07:38:19.193000,0.25712
51,16878208,Suyash Verma,2026-09-16 23:59:05.850000,0.26066
52,16706388,Yunseo Jo,2026-08-28 03:50:11.176000,0.26140
53,16930528,Gaelaw,2026-09-20 18:23:50.326000,0.26140
54,16896435,adkaggle12x,2026-09-15 13:14:43.913000,0.26505
55,16709490,Jo Hao Huang,2026-09-17 21:55:47.713000,0.26505
56,16815677,tianyi ding,2026-09-06 15:00:04.240000,0.27096
57,16850115,cirrutus,2026-09-12 09:25:50.480000,0.27397
58,16665296,crisiumnih,2026-08-19 10:32:39.840000,0.27626
59,16663650,GALABA VAMSI,2026-08-29 08:50:42.446000,0.27639
60,16878537,Tong Joye,2026-09-15 03:52:01.266000,0.27677
61,16886528,muyuexin,2026-09-18 07:08:32.870000,0.28061
62,16724969,[Deleted] 815e2f09-37bd-45ca-9cb5-e4797ede3d12,2026-09-05 18:47:44.470000,0.28533
63,16652855,SaulGoodmanWasTaken,2026-09-20 13:19:34.643000,0.29112
64,16675285,engineai,2026-08-13 10:05:38.106000,0.29413
65,16792806,lost M87,2026-09-18 04:32:46.763000,0.29497
66,16898351,xmba15,2026-09-20 14:09:50.460000,0.29967
67,16803013,cjpingtb,2026-09-04 03:23:03.303000,0.29993
68,16698712,Hyeonbi Kim,2026-08-10 04:17:04.166000,0.30226
69,16856660,kunasin laysak,2026-09-18 18:16:56.850000,0.30563
70,16821558,Radiohead28,2026-09-10 15:59:39.773000,0.30663
71,16839182,coco,2026-09-15 02:34:42.940000,0.30792
72,16844074,zhaoqian lin,2026-09-07 15:12:48.286000,0.30796
73,16762742,DEBUG42,2026-08-25 03:19:12.090000,0.31276
74,16708066,[Deleted] b268d9b0-5fa2-4d5a-a04e-5fc81eaa79bd,2026-08-17 15:03:46.563000,0.31733
75,16747385,hello_brother,2026-08-22 17:15:05.596000,0.31959
76,16748045,Simon_EvoGroup,2026-08-27 13:30:44.290000,0.32236
77,16698055,SEJUN AHN,2026-08-17 08:51:16.053000,0.32665
78,16895379,uxf sw,2026-09-20 23:10:32.186000,0.32815
79,16671813,Inertial,2026-08-25 11:25:35.736000,0.32846
80,16827565,Sree Gowtham Josyula,2026-09-08 11:54:41.813000,0.32974
81,16852487,NEWSKEN,2026-09-08 12:01:44.053000,0.33007
82,16897406,ManiPrakashVIT,2026-09-18 04:06:00.583000,0.33131
83,16845588,ichangjian,2026-09-07 07:10:14.343000,0.33252
84,16715623,Gunhee,2026-08-22 16:07:58.566000,0.33513
85,16863930,asterask,2026-09-13 06:48:16.076000,0.33973
86,16805141,wangtingxuan123,2026-09-18 12:20:22.493000,0.34532
87,16842700,Jeki Wan Taufik,2026-09-06 07:45:13.433000,0.35025
88,16871679,Jack Danielsy,2026-09-17 14:06:34.633000,0.35132
89,16757647,Alex#2,2026-09-06 01:04:16.420000,0.35324
90,16721314,Yue WANG,2026-08-24 00:03:35.553000,0.35527
91,16857029,Jaffar Ali,2026-09-08 23:06:37.523000,0.35762
92,16790169,Nomannic,2026-08-29 15:02:44.586000,0.35847
93,16923877,rupsa roy,2026-09-20 05:19:53.276000,0.35847
94,16859406,Bejjala Mani Sai Teja,2026-09-14 07:08:33.826000,0.36000
95,16808126,Pratim,2026-09-03 11:10:59.243000,0.36013
96,16894188,dongseon-jeong,2026-09-19 10:40:34.380000,0.36496
97,16769792,伊诺cicilialine,2026-08-28 13:40:55.816000,0.36518
98,16847791,Mohammed Alhussein,2026-09-20 13:47:43.206000,0.36627
99,16729838,amarzouyoussef,2026-09-20 02:31:15.116000,0.36663
100,16675570,TheJanitor,2026-08-19 15:18:38.170000,0.36717
101,16743958,Raphael@CaltechARCL,2026-08-19 23:17:03.943000,0.36742
102,16919122,suxing-star,2026-09-18 08:13:53.070000,0.37068
103,16860179,Abduljabbar Ahmed,2026-09-11 17:58:26.480000,0.38228
104,16914958,Roy Zhu,2026-09-18 02:43:16.260000,0.39134
105,16621058,majingbo,2026-08-08 14:13:32.740000,0.39426
106,16827827,Satyam Singh,2026-09-05 08:14:06.270000,0.39535
107,16785102,Abhijna DS,2026-08-30 11:02:16.656000,0.40048
108,16882609,Dr.Kass,2026-09-14 14:20:48.763000,0.40756
109,16683395,Ahnhon,2026-09-03 22:35:36.640000,0.41650
110,16665713,Jiarui (Jerry) Cao,2026-08-05 08:47:35.906000,0.42008
111,16918107,Y.,2026-09-19 06:31:50.116000,0.42198
112,16728717,sasaki,2026-08-19 02:39:43.510000,0.42528
113,16904960,Denis Foripost,2026-09-16 09:49:48.520000,0.42956
114,16845721,Santiago Maniches,2026-09-14 15:28:49.896000,0.43105
115,16668142,-,2026-08-07 09:57:23.076000,0.43481
116,16912671,ABDALHAY ABASS,2026-09-20 14:59:56.186000,0.43608
117,16738792,Wide awake,2026-09-10 13:54:18.593000,0.43817
118,16907207,yang20251228,2026-09-20 07:30:29.896000,0.44480
119,16840200,GDUT666,2026-09-18 11:56:21.436000,0.44969
120,16866517,SKMAAX,2026-09-13 00:29:34.096000,0.45205
121,16618016,TartanIMU_Benchmark.csv,2026-07-30 08:19:09.656000,0.45574
122,16856837,Jiayi Du,2026-09-09 07:36:50.826000,0.46157
123,16847345,StrGenIx | Laurens D'hooge,2026-09-08 15:40:24.740000,0.46700
124,16733571,Christie Jacob,2026-08-19 16:44:52.653000,0.47050
125,16690948,dongfangdaguo,2026-08-09 05:57:40.483000,0.49299
126,16895006,Laxmi Khilnani,2026-09-19 07:52:18.296000,0.54038
127,16919855,Harshit ghatiya,2026-09-18 14:23:40.366000,0.55488
128,16924411,Suryansh Sharan,2026-09-19 08:18:08.970000,0.55878
129,16853770,Ratna Sambhav,2026-09-09 11:43:03.600000,0.62935
130,16666236,Chinmay8577,2026-08-05 11:46:08.010000,0.68126
131,16763980,Harin Kim,2026-09-01 02:27:00.313000,0.71308
132,16782927,Fernando Liazar Luemba Salvador,2026-09-17 02:34:31.890000,0.99235
