Rank,TeamId,TeamName,LastSubmissionDate,Score,SubmissionCount,TeamMemberUserNames
1,16778845,thisray,"2026-09-20 01:22:15",0.20074,61,thisray
2,16677199,Marco,"2026-09-20 23:13:37",0.20589,112,"korabberisha,ranaalkhourymaroun"
3,16668232,"Team - SPARO","2026-09-20 16:16:06",0.22736,142,"hogyun2,jivvon1,leejungu,seungheeyun,smallboyygm"
4,16771257,MobilityAI,"2026-09-20 22:45:49",0.23537,91,suyongan
5,16706502,"CoCEL @POSTECH","2026-09-20 04:48:37",0.25392,158,"sanghyun01,sjkim2000"
6,16740952,Thien,"2026-09-20 23:40:57",0.26306,17,thienn
7,16668346,NavTide,"2026-09-20 11:27:44",0.26571,155,"chengyushi,chuxiaoyi,croissantzhou,jasonchris1"
8,16633725,AxisTilted2,"2026-09-16 21:29:54",0.27765,24,"haydennappie,spsanps"
9,16898529,"Haozhe Zhou","2026-09-20 20:11:50",0.28283,7,haozhezhou0000
10,16907103,Hack2Publish,"2026-09-20 17:34:03",0.28609,14,"esfersami50,foysalemonshanto,hosen42,kahakashanashraf"
11,16895527,"Bharath Shankar","2026-09-19 03:36:39",0.29337,25,bharathsshankar1803
12,16918659,"V Sai Subba Rao","2026-09-20 20:41:45",0.29661,9,vsaisubbarao
13,16681673,ByeByeHelloHaHaHa,"2026-08-23 02:02:33",0.30543,18,byebyehellohahaha
14,16876401,"Chengwen Zhang","2026-09-15 15:05:51",0.31528,15,chengwenzhang
15,16719369,"HL Robotics","2026-08-26 23:53:55",0.31621,17,"kimmangyu,noonsong"
16,16674789,CloseAI,"2026-09-01 11:35:03",0.31725,13,chuyi2026
17,16802238,"minghao mei","2026-09-20 10:21:00",0.31734,24,"minghaomei,minglehe"
18,16853301,Lexxxxx,"2026-09-20 17:39:22",0.32695,26,lexhoooo
19,16708038,JX0005,"2026-09-17 03:15:33",0.32744,65,jx0005
20,16775680,ENIO,"2026-09-20 16:22:02",0.32922,64,arattan7272
21,16715392,vanchele,"2026-08-23 08:17:04",0.33219,18,"jsleehomeofson,vanchele"
22,16782309,Xunden,"2026-09-20 15:41:31",0.33229,31,xunden
23,16857536,Shake,"2026-09-20 02:04:07",0.33260,8,residentevil3
24,16780181,Rongyu12098,"2026-09-05 05:16:33",0.33284,22,rongyu12098
25,16706186,ilytix,"2026-09-20 20:05:19",0.33318,20,mohosinmahmud
26,16921339,Tom&Jerry,"2026-09-20 11:35:18",0.33578,6,"lucky080,tomjerry101"
27,16867558,luyinn,"2026-09-14 09:25:20",0.33830,19,luyinn
28,16920136,toddler123,"2026-09-20 18:41:19",0.33971,10,abdullahalmahmud7993
29,16734865,NVL_ktw,"2026-09-01 00:43:48",0.34168,55,nvlktw
30,16669553,Micropilot,"2026-09-03 01:51:41",0.34501,47,sagarverma
31,16718271,Kripesh12,"2026-08-25 06:47:44",0.35230,23,kripeshcode
32,16743073,kamikaze-san,"2026-09-10 15:34:39",0.35365,11,aniruddhthamatam
33,16913443,prison,"2026-09-20 18:25:33",0.35453,10,mohosinmahmud2
34,16754451,Jakubach,"2026-09-04 08:25:06",0.35607,28,jakubach
35,16925333,URAD,"2026-09-20 20:20:17",0.35850,10,uradkr
36,16692826,udit7395,"2026-09-13 23:22:37",0.36516,41,udit7395
37,16891842,seewherewego,"2026-09-18 05:40:34",0.36537,10,seewherewego
38,16699739,Astrorix,"2026-09-01 15:58:25",0.37070,25,astrorix
39,16848087,"Ahmed Hussein2000","2026-09-20 12:26:45",0.37085,23,"abdoelah,ahmedhussein2000"
40,16886154,"Dehan Shen","2026-09-17 13:13:14",0.37151,18,dehanshen
41,16652855,SaulGoodmanWasTaken,"2026-09-20 13:19:34",0.38172,9,saulgoodmanwastaken
42,16731005,"qiaomu wei","2026-09-06 04:07:24",0.38242,26,qiaomuwei
43,16723204,wangzihanggg,"2026-08-21 15:41:01",0.38416,31,wangzihanggg
44,16811908,"Oeacn Yulan","2026-09-19 10:09:05",0.38544,64,oeacnyulan
45,16906925,"Kasım Can Ulus","2026-09-18 21:47:00",0.40185,7,kasmcanulus
46,16752203,DBX,"2026-09-15 04:36:48",0.41037,65,leaonwang
47,16706388,"Yunseo Jo","2026-08-28 03:50:11",0.41194,27,yunseo2026
48,16850115,cirrutus,"2026-09-12 09:25:50",0.41519,10,cirrutus
49,16892059,xhsmsuper,"2026-09-18 11:50:23",0.41808,15,xhsmsuper
50,16839182,coco,"2026-09-15 02:34:42",0.42071,3,cocoshe
51,16881845,"Abdelrahman Bakr","2026-09-20 20:58:13",0.42120,6,abdelrahmanbakrghazy
52,16752581,Lucian2026,"2026-08-21 07:38:19",0.42132,1,lucian2026
53,16930528,Gaelaw,"2026-09-20 18:23:50",0.42166,8,"gaelaw,mathieuw"
54,16675285,engineai,"2026-08-13 10:05:38",0.42529,11,engineai
55,16878208,"Suyash Verma","2026-09-16 23:59:05",0.42731,11,"rajveersrajput080,suyashdiamond1"
56,16896435,adkaggle12x,"2026-09-15 13:14:43",0.42931,5,adkaggle12x
57,16709490,"Jo Hao Huang","2026-09-17 21:55:47",0.42934,17,johaohuang
58,16848278,"Mehmet Özer","2026-09-07 21:36:40",0.43100,5,ozermehmet
59,16886528,muyuexin,"2026-09-18 07:08:32",0.43741,4,muyuexin
60,16663650,"GALABA VAMSI","2026-08-29 08:50:42",0.44261,27,"galabav,varunraosfanlkan"
61,16799919,"Feng XuanQi","2026-09-03 03:29:20",0.44369,7,fengxuanqi
62,16698712,"Hyeonbi Kim","2026-08-10 04:17:04",0.44930,1,hyeonbikim
63,16803013,cjpingtb,"2026-09-04 03:23:03",0.45210,3,cjpingtb
64,16748045,Simon_EvoGroup,"2026-08-27 13:30:44",0.45443,15,pffggg
65,16762742,DEBUG42,"2026-08-25 03:19:12",0.45468,10,debug42
66,16898351,xmba15,"2026-09-20 14:09:50",0.45570,10,xmba15
67,16708066,"[Deleted] b268d9b0-5fa2-4d5a-a04e-5fc81eaa79bd","2026-08-17 15:03:46",0.46120,6,del=41c99dad27dc6dd9
68,16815677,"tianyi ding","2026-09-06 15:00:04",0.46553,4,jkhviop
69,16665296,crisiumnih,"2026-08-19 10:32:39",0.46593,20,crisiumnih
70,16792806,"lost M87","2026-09-18 04:32:46",0.46609,5,lihuam87
71,16895379,"uxf sw","2026-09-20 23:10:32",0.46883,6,taehoonroh
72,16897406,ManiPrakashVIT,"2026-09-18 04:06:00",0.47150,7,maniprakashvit
73,16724969,"[Deleted] 815e2f09-37bd-45ca-9cb5-e4797ede3d12","2026-09-05 18:47:44",0.47394,28,del=5fe629d69cacbde1
74,16878537,"Tong Joye","2026-09-15 03:52:01",0.47535,11,tongjoye
75,16847791,"Mohammed Alhussein","2026-09-20 13:47:43",0.48094,2,mohammedalhussein
76,16821558,Radiohead28,"2026-09-10 15:59:39",0.48786,16,radiohead28
77,16856660,"kunasin laysak","2026-09-18 18:16:56",0.49015,13,"folkus,kunasinlaysak"
78,16844074,"zhaoqian lin","2026-09-07 15:12:48",0.49017,5,zhaoqianlin
79,16852487,NEWSKEN,"2026-09-08 12:01:44",0.49070,2,newsken
80,16757647,Alex#2,"2026-09-06 01:04:16",0.50938,3,alexzhou2468
81,16747385,hello_brother,"2026-08-22 17:15:05",0.51203,1,varunraoiitian
82,16914958,"Roy Zhu","2026-09-18 02:43:16",0.52337,8,roy0zhu0
83,16845588,ichangjian,"2026-09-07 07:10:14",0.52377,2,ichangjian
84,16675570,TheJanitor,"2026-08-19 15:18:38",0.52421,6,orion5555
85,16721314,"Yue WANG","2026-08-24 00:03:35",0.52457,35,yuewangggg
86,16715623,Gunhee,"2026-08-22 16:07:58",0.52517,6,gunheeshin
87,16827565,"Sree Gowtham Josyula","2026-09-08 11:54:41",0.53108,10,sreegowthamj
88,16790169,Nomannic,"2026-08-29 15:02:44",0.53353,2,nomannic19
89,16671813,Inertial,"2026-08-25 11:25:35",0.53511,4,"haoqiaowhu,jiankuang90,liyingyang26,wyinertial,yibinwu007"
90,16808126,Pratim,"2026-09-03 11:10:59",0.53681,5,pratimukherjee
91,16698055,"SEJUN AHN","2026-08-17 08:51:16",0.53861,4,sejunahn
92,16729838,amarzouyoussef,"2026-09-20 02:31:15",0.54021,20,amarzouyoussef
93,16769792,伊诺cicilialine,"2026-08-28 13:40:55",0.54171,12,cicilialine
94,16894188,dongseon-jeong,"2026-09-19 10:40:34",0.54321,6,argozero01
95,16621058,majingbo,"2026-08-08 14:13:32",0.54628,8,majingbo
96,16871679,"Jack Danielsy","2026-09-17 14:06:34",0.54653,4,jackdanielsy
97,16859406,"Bejjala Mani Sai Teja","2026-09-14 07:08:33",0.54845,1,bejjalamanisaiteja
98,16743958,Raphael@CaltechARCL,"2026-08-19 23:17:03",0.54896,1,raphaelblanchardca
99,16857029,"Jaffar Ali","2026-09-08 23:06:37",0.54998,1,buledi
100,16863930,asterask,"2026-09-13 06:48:16",0.55209,8,cherrycokecero
101,16923877,"rupsa roy","2026-09-20 05:19:53",0.55276,9,rupsarroy
102,16842700,"Jeki Wan Taufik","2026-09-06 07:45:13",0.55454,1,jek1wantaufik
103,16919122,suxing-star,"2026-09-18 08:13:53",0.56255,2,suxingstar
104,16805141,wangtingxuan123,"2026-09-18 12:20:22",0.56624,1,wangtingxuan123
105,16860179,"Abduljabbar Ahmed","2026-09-11 17:58:26",0.57016,6,abduljabbar0
106,16882609,Dr.Kass,"2026-09-14 14:20:48",0.57121,5,drkass
107,16683395,Ahnhon,"2026-09-03 22:35:36",0.58514,9,"celtm19,ngocphuhoang"
108,16665713,"Jiarui (Jerry) Cao","2026-08-05 08:47:35",0.59053,5,jiaruicao7
109,16668142,-,"2026-08-07 09:57:23",0.59822,5,nkhedekar
110,16845721,"Santiago Maniches","2026-09-14 15:28:49",0.60043,19,santmani
111,16785102,"Abhijna DS","2026-08-30 11:02:16",0.60769,8,abhids123
112,16827827,"Satyam Singh","2026-09-05 08:14:06",0.61379,10,satyamsingh5
113,16904960,"Denis Foripost","2026-09-16 09:49:48",0.62000,2,denisforipost
114,16918107,Y.,"2026-09-19 06:31:50",0.62027,3,magicaly
115,16728717,sasaki,"2026-08-19 02:39:43",0.62667,4,rsasaki
116,16912671,"ABDALHAY ABASS","2026-09-20 14:59:56",0.62748,2,abdalhayabass
117,16856837,"Jiayi Du","2026-09-09 07:36:50",0.63142,3,jahyee
118,16866517,SKMAAX,"2026-09-13 00:29:34",0.63578,3,s06120takuma
0,16618016,TartanIMU_Benchmark.csv,"2026-07-30 08:19:09",0.63683,1,
119,16840200,GDUT666,"2026-09-18 11:56:21",0.65382,13,"huangyupeng6579,jackyxiaozhao,weilunho"
120,16690948,dongfangdaguo,"2026-08-09 05:57:40",0.65676,3,dongfangdaguo
121,16738792,"Wide awake","2026-09-10 13:54:18",0.66382,2,wideawake
122,16847345,"StrGenIx | Laurens D'hooge","2026-09-08 15:40:24",0.67132,3,dhoogla
123,16907207,yang20251228,"2026-09-20 07:30:29",0.67746,5,yang20251228
124,16733571,"Christie Jacob","2026-08-19 16:44:52",0.68138,1,christiejp
125,16895006,"Laxmi Khilnani","2026-09-19 07:52:18",0.70423,2,laxmikhilnani2004
126,16919855,"Harshit ghatiya","2026-09-18 14:23:40",0.71215,3,harshit56ghatiya
127,16924411,"Suryansh Sharan","2026-09-19 08:18:08",0.74913,1,suryanshsharan01
128,16853770,"Ratna Sambhav","2026-09-09 11:43:03",0.75484,2,sambhavratna
129,16666236,Chinmay8577,"2026-08-05 11:46:08",0.89686,3,chinmay8577
130,16763980,"Harin Kim","2026-09-01 02:27:00",0.91728,8,haaarink
131,16782927,"Fernando Liazar Luemba Salvador","2026-09-17 02:34:31",1.11410,1,fernandollsalvador
