Seq. ID,ATE20 (m),AVE (m/s),RTE (m)
1,0.85437,0.43918,1.83613
2,0.63141,0.38922,1.32877
3,0.94626,0.30526,1.25973
4,0.72465,0.34095,1.16344
5,0.87804,0.37755,1.5453
6,0.66418,0.08908,0.75421
7,0.77051,0.27462,1.12057
8,0.52165,0.03767,0.23035
9,0.63236,0.26548,1.00817
10,1.44097,0.11732,0.88215
11,1.42206,0.98086,2.8637
12,0.42969,0.29762,1.2519
13,0.35794,0.04937,0.29476
14,0.60488,0.37564,1.20991
15,2.00053,0.10648,0.71049
16,0.13217,0.03595,0.22148
17,1.01625,0.49921,2.0557
18,2.22384,0.78194,4.03673
19,0.67205,0.3842,1.67976
20,0.13617,0.05136,0.35741
21,0.85725,0.2717,1.38436
22,0.60368,0.40246,1.25485
23,1.43256,0.7922,3.30843
24,0.59295,0.04215,0.22523
25,0.12691,0.03321,0.10862
26,0.28016,0.07098,0.21194
27,0.52096,0.05843,0.29064
28,0.55281,0.20779,1.00497
29,6.58703,5.08475,26.7827
30,4.04483,1.85813,9.11574
31,0.7206,0.40304,1.59122
32,0.17282,0.06796,0.15572
33,0.17539,0.04429,0.16907
34,1.02624,0.26553,1.21913
35,1.28529,0.43291,1.78181
36,0.98167,0.45927,1.91095
37,4.94447,3.58712,16.95059
38,4.78751,3.49919,16.62057
39,0.49713,0.21881,0.87827
40,1.32134,0.4766,2.52511
41,1.6012,1.09617,3.87196
42,0.48216,0.08438,0.34971
43,0.8669,0.33648,1.35835
44,0.25988,0.05589,0.32184
45,0.11372,0.05542,0.14284
46,0.33985,0.06371,0.26371
47,1.08574,0.55519,1.99748
48,0.24084,0.01449,0.10998
49,0.9092,0.34049,1.56289
50,0.57568,0.23718,1.01046
51,0.06172,0.03151,0.08433
52,0.13266,0.05674,0.17489
53,0.41814,0.27789,0.53399
54,0.14391,0.05999,0.16707
55,0.3326,0.23383,1.08676
56,6.63085,5.19459,26.6345
57,0.97989,0.52375,2.192
58,0.24902,0.05756,0.26341
59,0.27931,0.08546,0.22762
60,0.151,0.06241,0.23035
61,0.763,0.39481,1.22123
62,0.08321,0.02259,0.06985
63,0.48715,0.07182,0.35816
64,0.52265,0.05465,0.27817
65,0.08176,0.05603,0.10604
66,2.24921,0.21872,1.50508
67,0.13048,0.03243,0.15675
68,0.50734,0.04649,0.22796
69,0.74606,0.08556,0.44623
70,0.43273,0.0809,0.32516
71,0.24098,0.06947,0.257
72,1.06518,0.81735,2.09108
73,0.63596,0.12361,0.55844
74,0.37597,0.23693,0.7379
75,0.59044,0.37552,1.12655
76,0.17449,0.04788,0.15916
77,1.52556,0.99832,3.11318
78,0.1149,0.02467,0.08247
79,0.42444,0.27529,1.2236
80,0.73271,0.38861,2.1292
81,0.48491,0.12693,0.39272
82,3.85031,0.50216,3.25608
83,0.4889,0.07918,0.37548
84,0.52266,0.05586,0.34488
85,0.07716,0.03695,0.11668
86,0.30476,0.02731,0.17095
87,0.65634,0.27519,1.21511
88,1.53639,1.04455,3.83233
89,0.12116,0.02539,0.08222
