split,traj,pred_platform,true_platform,n_win,gyro_mean,gyro_p90,acc_std,acc_p90_dev
val,car_val_0000,car,car,181,0.2135487,0.4430428,1.9132382,2.9757762
val,car_val_0001,car,car,696,0.15999801,0.43957004,0.93554205,1.5037754
val,car_val_0002,car,car,678,0.19477785,0.56374955,1.0884792,1.6726881
val,car_val_0003,car,car,384,0.1657527,0.36871114,1.1203074,1.7433451
val,car_val_0004,car,car,2032,0.17878714,0.39937332,1.503372,2.2748437
val,car_val_0005,car,car,389,0.27933744,0.6260031,1.6195389,2.3609717
val,car_val_0006,car,car,268,0.25256816,0.56141615,1.8329952,2.7167454
val,car_val_0007,car,car,543,0.23808856,0.5381844,1.8265526,2.6881444
val,car_val_0008,car,car,968,0.1626462,0.6080457,1.2000318,1.965621
val,car_val_0009,car,car,134,0.3476405,0.9033957,0.9643631,0.8952907
val,car_val_0010,car,car,91,0.2512789,0.68967515,1.0007682,0.82501954
val,car_val_0011,car,car,984,0.2020507,0.48604026,0.79097295,1.285146
val,drone_val_0000,drone,drone,44,0.23586866,0.4729628,1.0810701,1.8323697
val,drone_val_0001,drone,drone,25,0.23851556,0.47600886,1.1839899,1.934578
val,drone_val_0002,drone,drone,20,0.24892837,0.5694429,1.8480526,2.0575774
val,drone_val_0003,drone,drone,60,0.62689596,1.1233082,1.4868245,2.4781196
val,drone_val_0004,drone,drone,54,0.72041094,1.2593038,1.6293993,2.5027246
val,drone_val_0005,drone,drone,21,1.111071,2.0659294,2.7734237,4.793092
val,drone_val_0006,drone,drone,21,1.1129236,2.0833228,3.4305356,6.681812
val,drone_val_0007,drone,drone,40,0.50926924,0.92910236,0.88695794,1.8129966
val,drone_val_0008,drone,drone,40,0.4951909,0.91221064,1.6084653,2.6758704
val,drone_val_0009,drone,drone,60,0.5651362,0.9466236,0.41122127,0.72616976
val,drone_val_0010,drone,drone,60,0.63577753,1.0187343,0.30072862,0.6412713
val,drone_val_0011,drone,drone,48,0.5009829,0.9272409,0.6125922,0.7186982
val,drone_val_0012,drone,drone,60,0.51430815,1.2448254,0.8273235,1.6265953
val,drone_val_0013,drone,drone,60,0.33953983,0.69526637,0.37980917,0.66897345
val,drone_val_0014,drone,drone,60,0.46667612,1.1327243,0.7390707,1.5678453
val,drone_val_0015,drone,drone,23,0.3007084,0.59186023,1.3576928,0.8253652
val,drone_val_0016,drone,drone,60,0.6854177,1.2191683,0.32140997,0.3153122
val,drone_val_0017,drone,drone,60,0.7273099,1.1796123,0.14961159,0.25325975
val,drone_val_0018,drone,drone,60,0.75274074,1.1926093,0.16325846,0.2772421
val,drone_val_0019,drone,drone,19,0.54582137,1.1210856,1.6431243,0.48772916
val,drone_val_0020,drone,drone,60,0.73895246,1.1575978,0.45243666,0.7718074
val,drone_val_0021,drone,drone,60,0.80831236,1.2707403,0.4277727,0.7431773
val,drone_val_0022,drone,drone,43,0.6545226,1.1819181,1.5467587,0.76342857
val,drone_val_0023,drone,drone,60,0.93295336,2.0611773,1.3287977,2.910235
val,drone_val_0024,drone,drone,60,0.908376,2.0083363,1.2677137,2.809067
val,drone_val_0025,drone,drone,60,0.92631453,2.0429914,1.2560656,2.792465
val,drone_val_0026,drone,drone,60,0.47540978,0.7040194,0.38071117,0.48505935
val,drone_val_0027,drone,drone,60,0.44654214,0.66456586,0.25656763,0.42687482
val,drone_val_0028,drone,drone,19,0.42363527,0.54642385,1.4350282,0.60348666
val,drone_val_0029,drone,drone,60,0.17995436,0.3110709,0.3040762,0.27133217
val,drone_val_0030,drone,drone,60,0.18375279,0.3075894,0.10034151,0.21563597
val,drone_val_0031,drone,drone,60,0.16096395,0.28975883,0.11386565,0.22908744
val,drone_val_0032,drone,drone,19,0.25973246,0.5756358,1.41742,0.3549036
val,drone_val_0033,drone,drone,60,0.14720479,0.23063095,0.35942385,0.44148666
val,drone_val_0034,drone,drone,60,0.116125345,0.21791798,0.26675752,0.43208846
val,drone_val_0035,drone,drone,38,0.1631332,0.24545285,0.86074454,0.4485348
val,drone_val_0036,drone,drone,60,0.908834,1.5134289,0.9596212,1.5432541
val,drone_val_0037,drone,drone,60,1.0439539,1.5633719,1.0938386,1.8811473
val,drone_val_0038,drone,drone,60,1.0469518,1.5807939,1.0183477,1.7313892
val,drone_val_0039,drone,drone,18,0.46781904,1.1811552,0.9020638,0.621194
val,drone_val_0040,drone,drone,60,0.42399967,0.7276438,0.28790885,0.20421162
val,drone_val_0041,drone,drone,60,0.4391542,0.74489224,0.07487999,0.16364546
val,drone_val_0042,drone,drone,60,0.45473608,0.7713933,0.08124501,0.16676636
val,drone_val_0043,drone,drone,18,0.3536897,0.63073474,1.557183,0.27234134
val,drone_val_0044,drone,drone,60,0.455611,0.76331395,0.34624535,0.3117234
val,drone_val_0045,drone,drone,60,0.44826555,0.7468179,0.13374946,0.26953307
val,drone_val_0046,drone,drone,60,0.45541668,0.74333626,0.13662276,0.268176
val,drone_val_0047,drone,drone,17,0.34706658,0.6735606,2.1195817,0.3018096
val,human_val_0000,human,human,1052,0.7108079,1.6445973,0.9161105,1.3291632
val,human_val_0001,human,human,1029,0.63484013,1.4017591,0.6901336,1.0506636
val,human_val_0002,human,human,1034,0.6857216,1.4418104,1.0963224,1.4849755
val,human_val_0003,human,human,1310,0.4246572,0.9550928,1.3701453,2.4086962
val,human_val_0004,human,human,1228,0.32480887,0.87415236,0.41687453,0.52815324
val,human_val_0005,human,human,1049,0.83941686,1.9761214,0.9621007,1.4088811
val,human_val_0006,human,human,1036,0.38791215,0.866467,0.59107083,0.81761885
val,dog_val_0000,dog,dog,121,0.16852124,0.50637317,1.9910033,2.4749856
val,dog_val_0001,dog,dog,1243,0.17065829,0.51660216,2.042309,2.6048298
val,dog_val_0002,dog,dog,258,0.16495626,0.37829912,2.1191173,3.1958675
val,dog_val_0003,dog,dog,22,0.18296261,0.39828926,2.9865751,4.0156703
val,dog_val_0004,dog,dog,65,0.16735832,0.4378621,1.9836289,2.7228553
val,dog_val_0005,dog,dog,68,0.46321282,1.0169705,3.0526135,4.1316266
val,dog_val_0006,dog,dog,35,0.40071958,1.0125825,3.1078587,4.6050344
val,dog_val_0007,dog,dog,90,0.3731059,0.98512787,2.8115284,4.1454296
val,dog_val_0008,dog,dog,375,0.34033802,0.76633686,2.4562788,3.2876844
val,dog_val_0009,dog,dog,505,0.34035143,0.770807,2.9757514,4.0171328
val,dog_val_0010,dog,dog,1425,0.17147312,0.4083198,1.7956766,2.91026
val,dog_val_0011,dog,dog,407,0.4349186,0.9930192,2.988019,4.668675
val,dog_val_0012,dog,dog,1687,0.312044,0.8081669,3.0824497,4.491162
test,test_0000,drone,,60,1.5848104,2.967512,1.6623963,4.689314
test,test_0001,drone,,60,1.0621716,1.7522113,1.0055817,1.8163378
test,test_0002,drone,,18,0.1774757,0.27047116,1.5714384,0.33734816
test,test_0003,drone,,14,0.67741925,1.5619321,1.3830923,1.3468258
test,test_0004,drone,,60,0.12064271,0.18136218,0.12780091,0.20638895
test,test_0005,dog,,658,0.18424694,0.5809749,2.3894832,3.1937146
test,test_0006,drone,,60,0.117960885,0.18420891,0.14659633,0.24563436
test,test_0007,human,,1107,0.42509818,1.0061872,0.53735507,0.7095631
test,test_0008,drone,,60,0.276692,0.41281605,0.18769358,0.3565797
test,test_0009,car,,209,0.09885754,0.24014388,0.69226426,1.155733
test,test_0010,drone,,60,2.1901674,3.4252687,1.1007475,3.4551492
test,test_0011,drone,,60,0.36132655,0.58276886,0.32191852,0.89993393
test,test_0012,dog,,79,0.15738738,0.5167605,2.0460076,2.4527981
test,test_0013,drone,,60,1.2254932,1.8054276,1.0411777,1.8769823
test,test_0014,human,,1124,0.43597874,0.8808531,1.0428624,1.6694518
test,test_0015,dog,,521,0.16396816,0.4196802,2.172767,3.1625836
test,test_0016,drone,,19,0.47753257,1.0098953,2.9871948,4.8762527
test,test_0017,drone,,26,0.20624676,0.42306113,1.2005105,1.9641697
test,test_0018,drone,,28,1.0580002,2.2129347,1.207462,1.8000293
test,test_0019,dog,,161,0.19262005,0.5212235,2.2124765,3.2956932
test,test_0020,drone,,60,1.2735554,2.443959,0.80065405,1.8787733
test,test_0021,drone,,60,1.2181101,1.8112175,1.06683,1.901928
test,test_0022,drone,,60,2.0218215,3.7804074,1.0028211,2.379826
test,test_0023,human,,1022,0.5781452,1.3473473,0.92657626,1.1270173
test,test_0024,dog,,74,0.09778341,0.29424974,1.7921793,1.7504776
test,test_0025,car,,1885,0.11506129,0.28335926,0.5485043,0.869153
test,test_0026,human,,1179,0.5207677,1.2933563,0.8080518,1.1719038
test,test_0027,drone,,20,0.38021713,0.48302966,2.1976624,0.29874706
test,test_0028,drone,,17,0.560356,1.1836609,4.8145404,7.949587
test,test_0029,drone,,19,0.48078126,1.006342,0.66526866,1.1439456
test,test_0030,drone,,60,1.5108812,2.8974679,1.8300225,4.862654
test,test_0031,car,,167,0.14245422,0.2585267,1.0688777,2.0482702
test,test_0032,car,,322,0.2219187,0.52884656,1.6379898,1.8075124
test,test_0033,drone,,60,0.13859716,0.19975054,0.31193724,0.25707483
test,test_0034,drone,,60,0.5657645,1.069179,2.104638,3.4336514
test,test_0035,drone,,60,1.6357672,2.9124415,1.6948735,4.9214597
test,test_0036,drone,,42,0.49571544,0.8102324,3.054449,5.186046
test,test_0037,drone,,42,0.4869915,0.7945528,1.1097103,1.9755353
test,test_0038,drone,,60,0.2720877,0.43796614,0.33425742,0.39260998
test,test_0039,drone,,22,1.7940927,3.333126,1.8287531,1.9363654
test,test_0040,drone,,60,2.5317106,3.5965462,0.7614896,2.4746373
test,test_0041,car,,1745,0.20984097,0.45447013,1.3598107,2.0978317
test,test_0042,drone,,19,0.27349415,0.43477815,1.1913391,0.43537283
test,test_0043,dog,,799,0.25388196,0.7378901,2.9116588,3.8938255
test,test_0044,dog,,137,0.249632,0.7259604,2.3581357,3.584817
test,test_0045,car,,446,0.3334596,0.70118827,1.467113,2.156285
test,test_0046,drone,,20,0.18063658,0.34468177,1.2112998,1.9947703
test,test_0047,human,,1125,0.19444415,0.4662653,0.29395676,0.23959455
test,test_0048,drone,,60,1.730944,2.8245733,0.6449154,1.949807
test,test_0049,drone,,60,0.2926219,0.48829606,0.14739537,0.24868956
test,test_0050,car,,354,0.16157542,0.34842464,1.1068975,1.7579186
test,test_0051,car,,414,0.1758812,0.41988182,1.3997234,2.2582936
test,test_0052,dog,,488,0.37030613,0.9734579,2.888847,4.2248235
test,test_0053,car,,850,0.17007236,0.36756235,1.020655,1.6528289
test,test_0054,drone,,60,0.3458721,0.58242273,0.4029559,0.94112366
test,test_0055,drone,,17,0.5447099,1.1758357,2.451219,4.6440554
test,test_0056,drone,,60,1.6137477,2.9936922,1.7157899,4.9280605
test,test_0057,dog,,441,0.28020877,0.7883075,3.0831578,4.2149506
test,test_0058,car,,785,0.20187199,0.59266955,1.5367285,1.8060689
test,test_0059,car,,466,0.17423813,0.3941768,1.5490584,2.2363377
test,test_0060,drone,,44,0.7435224,1.2840172,1.992038,3.2244947
test,test_0061,dog,,88,0.097579755,0.29268587,1.5078379,1.4443233
test,test_0062,human,,1089,0.657175,1.4991729,0.6461268,0.9776784
test,test_0063,human,,1088,0.72956836,1.6012328,0.7268575,1.0605102
test,test_0064,dog,,35,0.19204077,0.45703852,2.9167542,3.305921
test,test_0065,dog,,2618,0.15125117,0.36997628,1.473917,2.197764
test,test_0066,dog,,61,0.15912332,0.73444426,2.0378125,2.1228747
test,test_0067,car,,787,0.1583295,0.5171108,1.0097139,1.4504048
test,test_0068,human,,1237,0.7342902,1.651704,1.4523786,1.9917408
test,test_0069,dog,,189,0.3226128,0.83544964,3.5523658,4.561147
test,test_0070,car,,440,0.17471232,0.37924546,1.8258317,2.2752337
test,test_0071,drone,,19,1.3863884,2.7956665,1.8313963,3.3355753
test,test_0072,car,,232,0.19289665,0.44537166,0.94673556,1.4676057
test,test_0073,drone,,60,0.3051504,0.44977275,0.19480449,0.3916788
test,test_0074,drone,,60,1.2180438,1.8138226,1.0479724,1.8755149
test,test_0075,car,,153,0.16408601,0.32673275,1.508418,2.9009233
test,test_0076,drone,,60,1.8571341,3.2921276,1.2716581,3.2928
test,test_0077,car,,563,0.18608072,0.47512895,1.0278509,1.6101519
test,test_0078,drone,,60,0.33526793,0.5046034,0.36021194,0.29230815
test,test_0079,drone,,54,0.33447134,0.6454666,0.6583178,0.99469864
test,test_0080,car,,205,0.20077996,0.41825682,1.204411,1.8131262
test,test_0081,drone,,39,0.17947842,0.35307533,1.0155957,1.7580366
test,test_0082,dog,,269,0.22521403,0.6538567,2.2400002,3.227777
test,test_0083,human,,1137,0.6936932,1.7136239,0.84670526,1.2734066
test,test_0084,dog,,79,0.20647041,0.5385215,2.3383899,3.497291
test,test_0085,human,,1156,0.25257117,0.61488235,0.40073735,0.44252473
test,test_0086,drone,,60,0.29388025,0.48763618,0.14015065,0.24125424
test,test_0087,drone,,60,2.6024723,3.8031683,0.76891845,2.503471
test,test_0088,car,,561,0.20023833,0.47855324,0.93929917,1.5064007
